Year,Catch,Index,Mean Length,Stock,Spp
1,52.54849,NA,NA,A,REBS
2,58.507507,NA,NA,A,REBS
3,37.934064,NA,NA,A,REBS
4,20.41179,NA,NA,A,REBS
5,35.915486,NA,NA,A,REBS
6,31.760857,NA,NA,A,REBS
7,20.475813,NA,NA,A,REBS
8,34.639989,NA,NA,A,REBS
9,14.885379,NA,NA,A,REBS
10,22.434964,NA,NA,A,REBS
11,23.16915,NA,NA,A,REBS
12,26.27425,NA,NA,A,REBS
13,31.94938,NA,NA,A,REBS
14,23.42766,NA,NA,A,REBS
15,31.80051,NA,NA,A,REBS
16,31.20295,NA,NA,A,REBS
17,117.0435,NA,NA,A,REBS
18,108.25438,NA,NA,A,REBS
19,172.4634,NA,NA,A,REBS
20,50.55287,NA,NA,A,REBS
21,22.486,NA,NA,A,REBS
22,67.63266,NA,NA,A,REBS
23,76.29037,NA,NA,A,REBS
24,74.93072,NA,NA,A,REBS
25,76.5226,NA,NA,A,REBS
26,42.61533082,NA,NA,A,REBS
27,18.60463368,NA,NA,A,REBS
28,166.1018143,NA,NA,A,REBS
29,69.09467397,NA,NA,A,REBS
30,184.8824735,NA,NA,A,REBS
31,98.56649796,NA,NA,A,REBS
32,131.3029797,NA,NA,A,REBS
33,167.07296,NA,NA,A,REBS
34,126.3119276,NA,NA,A,REBS
35,144.2078575,NA,NA,A,REBS
36,298.8079589,NA,NA,A,REBS
37,427.5327382,NA,NA,A,REBS
38,571.0286603,NA,NA,A,REBS
39,351.3467094,NA,NA,A,REBS
40,418.0987513,NA,NA,A,REBS
41,243.9583378,NA,NA,A,REBS
42,299.2347637,NA,NA,A,REBS
43,306.3246317,NA,NA,A,REBS
44,327.011536,NA,NA,A,REBS
45,305.9515284,NA,NA,A,REBS
46,744.5220882,NA,NA,A,REBS
47,339.3470932,NA,NA,A,REBS
48,303.415801,NA,NA,A,REBS
49,440.988188,NA,NA,A,REBS
50,256.1559483,NA,NA,A,REBS
51,182.6480038,NA,NA,A,REBS
52,114.0312486,NA,NA,A,REBS
53,74.29860042,NA,4.97E+01,A,REBS
54,99.73111849,NA,4.97E+01,A,REBS
55,121.6618955,606.5008635,4.98E+01,A,REBS
56,142.2101337,1139.410953,49.8246,A,REBS
57,131.7415232,1271.141893,49.9025,A,REBS
58,196.6184804,969.8265043,49.9903,A,REBS
59,224.9193792,985.6710379,50.0669,A,REBS
60,229.4864706,1337.454907,50.1186,A,REBS
61,265.6676644,1450.400613,50.1416,A,REBS
62,236.9956503,1016.307581,50.7795,A,REBS
63,267.7736765,1291.479655,50.7798,A,REBS
64,162.8586431,786.4580923,50.7814,A,REBS
65,92.73121836,1335.133114,50.7829,A,REBS
66,142.1411894,649.4892212,50.7747,A,REBS
67,157.2691737,1355.24703,50.7469,A,REBS
68,168.433964,1205.75633,50.6924,A,REBS
69,286.1481114,715.5937175,50.6061,A,REBS
70,240.7635793,1069.220059,50.491,A,REBS
71,116.7376774,1106.893457,50.3615,A,REBS
72,116.9103729,1101.484607,50.2359,A,REBS
73,141.1279552,777.5744346,50.1314,A,REBS
74,119.3761357,1029.657642,50.0619,A,REBS
75,141.0482173,915.9637115,50.0302,A,REBS
1,1.527,NA,NA,B,QB
2,1.962,NA,NA,B,QB
3,1.698,NA,NA,B,QB
4,1.372,NA,NA,B,QB
5,1.9,NA,NA,B,QB
6,1.823,NA,NA,B,QB
7,2.052,NA,NA,B,QB
8,2.065,NA,NA,B,QB
9,3.583,NA,NA,B,QB
10,2.657,NA,42.9749,B,QB
11,2.198,NA,38.4954,B,QB
12,1.596,NA,NA,B,QB
13,1.805,NA,NA,B,QB
14,2.72,NA,NA,B,QB
15,2.214,NA,NA,B,QB
16,3.804,NA,NA,B,QB
17,4.259,NA,NA,B,QB
18,4.805,NA,NA,B,QB
19,4.912,NA,NA,B,QB
20,5.441,NA,NA,B,QB
21,7.401,NA,NA,B,QB
22,6.578,NA,NA,B,QB
23,9.412,NA,NA,B,QB
24,10.171,NA,NA,B,QB
25,11.242,NA,NA,B,QB
26,11.198,NA,NA,B,QB
27,12.753,NA,NA,B,QB
28,13.48,NA,NA,B,QB
29,13.109,NA,NA,B,QB
30,13.935,NA,NA,B,QB
31,15.037,NA,36.9874,B,QB
32,4.888,NA,42.1195,B,QB
33,5.042,NA,39.9811,B,QB
34,39.996,NA,43.2693,B,QB
35,13.46,NA,36.0608,B,QB
36,12.252,NA,37.2092,B,QB
37,13.2529999,NA,36.307,B,QB
38,5.654,NA,34.8253,B,QB
39,2.12,NA,31.2336,B,QB
40,11.52199,NA,33.2389,B,QB
41,6.97,NA,30.4606,B,QB
42,60.726,NA,NA,B,QB
43,22.683,NA,33.4116,B,QB
44,42.973,NA,37.0136,B,QB
45,25.716,NA,35.7443,B,QB
46,14.80899,NA,31.2705,B,QB
47,15.17,NA,32.7237,B,QB
48,22.346,NA,34.0366,B,QB
49,14.578,NA,32.1273,B,QB
50,13.53499,NA,32.4691,B,QB
51,13.098,NA,32.5619,B,QB
52,15.69,NA,33.1829,B,QB
53,5.922,NA,NA,B,QB
54,13.852,NA,33.174,B,QB
55,5.081,NA,33.1621,B,QB
56,10.556,NA,37.433,B,QB
57,14.334,NA,35.7287,B,QB
58,19.268,NA,36.3149,B,QB
59,11.004,NA,36.2677,B,QB
60,6.958,NA,35.0165,B,QB
61,3.557999,NA,36.5023,B,QB
62,5.434999,NA,37.296,B,QB
63,7.909,NA,37.6527,B,QB
64,3.570999,NA,40.092,B,QB
65,2.998,NA,38.7512,B,QB
66,8.588,NA,35.6073,B,QB
67,9.60899,NA,34.783,B,QB
68,12.568,0.00130741,37.2713,B,QB
69,12.966,0.00159849,37.8509,B,QB
70,16.45499,0.000728312,38.1617,B,QB
71,15.15299,0.00161189,NA,B,QB
72,15.83299,0.00135391,35.9583,B,QB
73,19.15099,0.00198973,37.2558,B,QB
74,4.499,0.00264933,37.7172,B,QB
75,1.1879999,0.00287014,31.8631,B,QB
1,1244.36536,NA,NA,C,QB
2,1299.44864,NA,NA,C,QB
3,1648.40659,NA,NA,C,QB
4,927.48822,NA,NA,C,QB
5,1209.67138,NA,NA,C,QB
6,1203.22937,NA,NA,C,QB
7,1400.6772,NA,NA,C,QB
8,1435.84938,NA,NA,C,QB
9,1490.45359,NA,NA,C,QB
10,1528.65802,NA,NA,C,QB
11,1864.07152,NA,NA,C,QB
12,1753.19957,NA,NA,C,QB
13,2350.7243,NA,NA,C,QB
14,1924.01619,NA,NA,C,QB
15,1583.54659,NA,NA,C,QB
16,1495.41429,NA,NA,C,QB
17,4122.59368,NA,NA,C,QB
18,3490.8531,NA,NA,C,QB
19,3257.78446,NA,NA,C,QB
20,4184.0435,NA,NA,C,QB
21,2608.2544,NA,NA,C,QB
22,2053.6397,NA,NA,C,QB
23,3143.2166,NA,45.6821,C,YT
24,3667.4544,NA,47.2657,C,YT
25,2711.1527,NA,44.6778,C,YT
26,1691.9895,NA,45.3652,C,YT
27,4369.471,NA,45.4759,C,YT
28,6136.16118,NA,46.8739,C,YT
29,8672.0974,NA,44.6019,C,YT
30,7666.5596,NA,45.1252,C,YT
31,7509.6765,NA,45.2415,C,YT
32,9643.4619,NA,44.4876,C,YT
33,10308.7298,NA,44.1339,C,YT
34,10780.965,NA,42.6277,C,YT
35,5579.7452,NA,42.8765,C,YT
36,3624.9801,NA,42.8297,C,YT
37,5472.6367,NA,44.8791,C,YT
38,5403.9234,NA,44.6847,C,YT
39,6707.3874,NA,44.6957,C,YT
40,5138.9836,NA,44.2661,C,YT
41,4865.9337,NA,44.0969,C,YT
42,4376.5798,NA,44.1991,C,YT
43,6667.3372,NA,43.9002,C,YT
44,5997.445,NA,43.1685,C,YT
45,6068.6455,NA,43.0742,C,YT
46,5623.6679,NA,42.636,C,YT
47,6229.3249,NA,42.0381,C,YT
48,2371.5482,NA,42.6515,C,YT
49,3121.6035,NA,42.0773,C,YT
50,3624.8989,NA,41.3889,C,YT
51,3719.0529,NA,42.7956,C,YT
52,2227.177,NA,43.7815,C,YT
53,1275.1394,NA,43.869,C,YT
54,481.1313,NA,44.9188,C,YT
55,654.7097,NA,45.0434,C,YT
56,936.1781,NA,45.0536,C,YT
57,491.1085,NA,43.0562,C,YT
58,387.1116,NA,45.0665,C,YT
59,474.5156,NA,43.3083,C,YT
60,766.4012,NA,45.8785,C,YT
61,973.2542,NA,46.6681,C,YT
62,1363.8142,0.00477947,46.776,C,YT
63,1596.5153,0.001383,46.4786,C,YT
64,1427.0589,0.00455524,46.1555,C,YT
65,1467.7842,0.00656941,45.8324,C,YT
66,1980.2309,0.0133373,45.7695,C,YT
67,1517.0358,0.00546329,44.5194,C,YT
68,3053.039,0.00496383,43.9136,C,YT
69,3514.8306,0.00455344,44.3421,C,YT
70,3692.1495,0.00217773,43.7932,C,YT
71,3676.721,0.00715097,44.484,C,YT
72,2934.1398,0.00558471,44.0891,C,YT
73,3117.222,0.00353506,44.0982,C,YT
74,3360.02,0.00590424,44.004,C,YT
75,2801.6004,0.00724832,43.9195,C,YT
