Year,Catch,Index,Mean Length,Stock
1,52.54849,NA,NA,A
2,58.507507,NA,NA,A
3,37.934064,NA,NA,A
4,20.41179,NA,NA,A
5,35.915486,NA,NA,A
6,31.760857,NA,NA,A
7,20.475813,NA,NA,A
8,34.639989,NA,NA,A
9,14.885379,NA,NA,A
10,22.434964,NA,NA,A
11,23.16915,NA,NA,A
12,26.27425,NA,NA,A
13,31.94938,NA,NA,A
14,23.42766,NA,NA,A
15,31.80051,NA,NA,A
16,31.20295,NA,NA,A
17,117.0435,NA,NA,A
18,108.25438,NA,NA,A
19,172.4634,NA,NA,A
20,50.55287,NA,NA,A
21,22.486,NA,NA,A
22,67.63266,NA,NA,A
23,76.29037,NA,NA,A
24,74.93072,NA,NA,A
25,76.5226,NA,NA,A
26,42.61533082,NA,NA,A
27,18.60463368,NA,NA,A
28,166.1018143,NA,NA,A
29,69.09467397,NA,NA,A
30,184.8824735,NA,NA,A
31,98.56649796,NA,NA,A
32,131.3029797,NA,NA,A
33,167.07296,NA,NA,A
34,126.3119276,NA,NA,A
35,144.2078575,NA,NA,A
36,298.8079589,NA,NA,A
37,427.5327382,NA,NA,A
38,571.0286603,NA,NA,A
39,351.3467094,NA,NA,A
40,418.0987513,NA,NA,A
41,243.9583378,NA,NA,A
42,299.2347637,NA,NA,A
43,306.3246317,NA,NA,A
44,327.011536,NA,NA,A
45,305.9515284,NA,NA,A
46,744.5220882,NA,NA,A
47,339.3470932,NA,NA,A
48,303.415801,NA,NA,A
49,440.988188,NA,NA,A
50,256.1559483,NA,NA,A
51,182.6480038,NA,NA,A
52,114.0312486,NA,NA,A
53,74.29860042,NA,4.97E+01,A
54,99.73111849,NA,4.97E+01,A
55,121.6618955,606.5008635,4.98E+01,A
56,142.2101337,1139.410953,49.8246,A
57,131.7415232,1271.141893,49.9025,A
58,196.6184804,969.8265043,49.9903,A
59,224.9193792,985.6710379,50.0669,A
60,229.4864706,1337.454907,50.1186,A
61,265.6676644,1450.400613,50.1416,A
62,236.9956503,1016.307581,50.7795,A
63,267.7736765,1291.479655,50.7798,A
64,162.8586431,786.4580923,50.7814,A
65,92.73121836,1335.133114,50.7829,A
66,142.1411894,649.4892212,50.7747,A
67,157.2691737,1355.24703,50.7469,A
68,168.433964,1205.75633,50.6924,A
69,286.1481114,715.5937175,50.6061,A
70,240.7635793,1069.220059,50.491,A
71,116.7376774,1106.893457,50.3615,A
72,116.9103729,1101.484607,50.2359,A
73,141.1279552,777.5744346,50.1314,A
74,119.3761357,1029.657642,50.0619,A
75,141.0482173,915.9637115,50.0302,A
1,1.527,NA,NA,B
2,1.962,NA,NA,B
3,1.698,NA,NA,B
4,1.372,NA,NA,B
5,1.9,NA,NA,B
6,1.823,NA,NA,B
7,2.052,NA,NA,B
8,2.065,NA,NA,B
9,3.583,NA,NA,B
10,2.657,NA,42.9749,B
11,2.198,NA,38.4954,B
12,1.596,NA,NA,B
13,1.805,NA,NA,B
14,2.72,NA,NA,B
15,2.214,NA,NA,B
16,3.804,NA,NA,B
17,4.259,NA,NA,B
18,4.805,NA,NA,B
19,4.912,NA,NA,B
20,5.441,NA,NA,B
21,7.401,NA,NA,B
22,6.578,NA,NA,B
23,9.412,NA,NA,B
24,10.171,NA,NA,B
25,11.242,NA,NA,B
26,11.198,NA,NA,B
27,12.753,NA,NA,B
28,13.48,NA,NA,B
29,13.109,NA,NA,B
30,13.935,NA,NA,B
31,15.037,NA,36.9874,B
32,4.888,NA,42.1195,B
33,5.042,NA,39.9811,B
34,39.996,NA,43.2693,B
35,13.46,NA,36.0608,B
36,12.252,NA,37.2092,B
37,13.2529999,NA,36.307,B
38,5.654,NA,34.8253,B
39,2.12,NA,31.2336,B
40,11.52199,NA,33.2389,B
41,6.97,NA,30.4606,B
42,60.726,NA,NA,B
43,22.683,NA,33.4116,B
44,42.973,NA,37.0136,B
45,25.716,NA,35.7443,B
46,14.80899,NA,31.2705,B
47,15.17,NA,32.7237,B
48,22.346,NA,34.0366,B
49,14.578,NA,32.1273,B
50,13.53499,NA,32.4691,B
51,13.098,NA,32.5619,B
52,15.69,NA,33.1829,B
53,5.922,NA,NA,B
54,13.852,NA,33.174,B
55,5.081,NA,33.1621,B
56,10.556,NA,37.433,B
57,14.334,NA,35.7287,B
58,19.268,NA,36.3149,B
59,11.004,NA,36.2677,B
60,6.958,NA,35.0165,B
61,3.557999,NA,36.5023,B
62,5.434999,NA,37.296,B
63,7.909,NA,37.6527,B
64,3.570999,NA,40.092,B
65,2.998,NA,38.7512,B
66,8.588,NA,35.6073,B
67,9.60899,NA,34.783,B
68,12.568,0.00130741,37.2713,B
69,12.966,0.00159849,37.8509,B
70,16.45499,0.000728312,38.1617,B
71,15.15299,0.00161189,NA,B
72,15.83299,0.00135391,35.9583,B
73,19.15099,0.00198973,37.2558,B
74,4.499,0.00264933,37.7172,B
75,1.1879999,0.00287014,31.8631,B
1,1244.36536,NA,NA,C
2,1299.44864,NA,NA,C
3,1648.40659,NA,NA,C
4,927.48822,NA,NA,C
5,1209.67138,NA,NA,C
6,1203.22937,NA,NA,C
7,1400.6772,NA,NA,C
8,1435.84938,NA,NA,C
9,1490.45359,NA,NA,C
10,1528.65802,NA,NA,C
11,1864.07152,NA,NA,C
12,1753.19957,NA,NA,C
13,2350.7243,NA,NA,C
14,1924.01619,NA,NA,C
15,1583.54659,NA,NA,C
16,1495.41429,NA,NA,C
17,4122.59368,NA,NA,C
18,3490.8531,NA,NA,C
19,3257.78446,NA,NA,C
20,4184.0435,NA,NA,C
21,2608.2544,NA,NA,C
22,2053.6397,NA,NA,C
23,3143.2166,NA,45.6821,C
24,3667.4544,NA,47.2657,C
25,2711.1527,NA,44.6778,C
26,1691.9895,NA,45.3652,C
27,4369.471,NA,45.4759,C
28,6136.16118,NA,46.8739,C
29,8672.0974,NA,44.6019,C
30,7666.5596,NA,45.1252,C
31,7509.6765,NA,45.2415,C
32,9643.4619,NA,44.4876,C
33,10308.7298,NA,44.1339,C
34,10780.965,NA,42.6277,C
35,5579.7452,NA,42.8765,C
36,3624.9801,NA,42.8297,C
37,5472.6367,NA,44.8791,C
38,5403.9234,NA,44.6847,C
39,6707.3874,NA,44.6957,C
40,5138.9836,NA,44.2661,C
41,4865.9337,NA,44.0969,C
42,4376.5798,NA,44.1991,C
43,6667.3372,NA,43.9002,C
44,5997.445,NA,43.1685,C
45,6068.6455,NA,43.0742,C
46,5623.6679,NA,42.636,C
47,6229.3249,NA,42.0381,C
48,2371.5482,NA,42.6515,C
49,3121.6035,NA,42.0773,C
50,3624.8989,NA,41.3889,C
51,3719.0529,NA,42.7956,C
52,2227.177,NA,43.7815,C
53,1275.1394,NA,43.869,C
54,481.1313,NA,44.9188,C
55,654.7097,NA,45.0434,C
56,936.1781,NA,45.0536,C
57,491.1085,NA,43.0562,C
58,387.1116,NA,45.0665,C
59,474.5156,NA,43.3083,C
60,766.4012,NA,45.8785,C
61,973.2542,NA,46.6681,C
62,1363.8142,0.00477947,46.776,C
63,1596.5153,0.001383,46.4786,C
64,1427.0589,0.00455524,46.1555,C
65,1467.7842,0.00656941,45.8324,C
66,1980.2309,0.0133373,45.7695,C
67,1517.0358,0.00546329,44.5194,C
68,3053.039,0.00496383,43.9136,C
69,3514.8306,0.00455344,44.3421,C
70,3692.1495,0.00217773,43.7932,C
71,3676.721,0.00715097,44.484,C
72,2934.1398,0.00558471,44.0891,C
73,3117.222,0.00353506,44.0982,C
74,3360.02,0.00590424,44.004,C
75,2801.6004,0.00724832,43.9195,C
1,116.08056,NA,NA,D
2,38.3157,NA,NA,D
3,78.410052,NA,NA,D
4,83.880252,NA,NA,D
5,30.347676,NA,NA,D
6,27.217296,NA,NA,D
7,54.19062,NA,NA,D
8,18.359352,NA,NA,D
9,12.1149,NA,NA,D
10,34.82406,NA,NA,D
11,17.048556,NA,NA,D
12,36.44298,NA,NA,D
13,3.5753508,NA,NA,D
14,11.480076,NA,NA,D
15,14.631516,NA,NA,D
16,27.387828,NA,NA,D
17,15.161364,NA,NA,D
18,26.310528,NA,NA,D
19,15.014916,NA,NA,D
20,75.951756,NA,NA,D
21,47.737188,NA,NA,D
22,136.25712,NA,NA,D
23,129.77712,NA,NA,D
24,253.5408,NA,NA,D
25,119.19312,NA,NA,D
26,270.7128,NA,NA,D
27,351.85104,NA,NA,D
28,384.1614,NA,NA,D
29,494.2404,NA,NA,D
30,257.45688,NA,NA,D
31,346.17564,NA,NA,D
32,489.81024,NA,NA,D
33,518.31252,NA,NA,D
34,356.09004,NA,NA,D
35,387.49644,NA,NA,D
36,274.25412,NA,NA,D
37,317.89908,NA,NA,D
38,313.82856,NA,NA,D
39,327.0294,NA,NA,D
40,420.70104,NA,35.03751856,D
41,630.99648,NA,34.88824158,D
42,453.5352,NA,34.56477918,D
43,535.55796,NA,34.41028277,D
44,783.66852,NA,34.19265618,D
45,787.92372,NA,33.76458766,D
46,297.00216,NA,33.34600719,D
47,471.72564,NA,33.43711452,D
48,1385.6292,NA,33.35006861,D
49,463.73688,NA,32.33992362,D
50,216.1782,NA,32.35011678,D
51,409.07052,NA,32.59942913,D
52,458.31744,5.44977,32.60200785,D
53,599.44752,5.36745,32.5493971,D
54,162.03996,5.09542,32.34966711,D
55,296.79156,5.42128,32.61051379,D
56,424.8774,5.55521,32.6934735,D
57,281.7126,5.49731,32.62969155,D
58,340.89012,5.64207,32.72468347,D
59,278.78148,5.69775,32.74897683,D
60,411.68628,5.83566,32.83354132,D
61,415.2492,5.78155,32.77962437,D
62,474.66432,5.71402,32.72482255,D
63,511.32708,5.56402,32.61886516,D
64,427.44564,5.35624,32.47775376,D
65,345.99528,5.27077,32.43676074,D
66,487.54224,5.31717,32.49372006,D
67,652.05972,5.16928,32.39206821,D
68,533.46492,4.80929,32.1290505,D
69,342.78336,4.61322,32.00775075,D
70,339.06816,4.67942,32.09955456,D
71,313.28316,4.76085,32.18078747,D
72,667.25532,4.87505,32.26905559,D
73,689.48712,4.5205,31.9691506,D
74,747.117,4.14384,31.67067661,D
75,657.48888,3.70579,31.33068127,D
